FV_avg_avg,FV_avg_sd,FV_sd_avg,FV_sd_sd,FV_r1_avg,FV_r1_sd,FV_kr_avg,FV_kr_sd,FV_sk_avg,FV_sk_sd,FD_avg_avg,FD_avg_sd,FD_sd_avg,FD_sd_sd,FD_r1_avg,FD_r1_sd,FD_kr_avg,FD_kr_sd,FD_sk_avg,FD_sk_sd,IN_avg_avg,IN_avg_sd,IN_sd_avg,IN_sd_sd,IN_r1_avg,IN_r1_sd,IN_kr_avg,IN_kr_sd,IN_sk_avg,IN_sk_sd
0.4645682674,0.2943454071,0.0128024835,0.0128191692,-0.0906362286,0.7695585426,1.5053137310,0.5503641794,0.2571861298,0.3447359426,-0.0012531012,0.0029584225,0.0068217281,0.0046508380,-0.3537780974,0.6283281144,1.5498952489,0.5343853733,-0.1125992803,0.2027606975,0.4213333333,0.1595715351,0.3282304538,0.1073663618,-0.3267306651,0.6517837660,1.4729972559,0.5029313552,0.0059646783,0.3178526777
