INF.avg,INF.sd,INF.r1,INF.kr,INF.sk,SUP.avg,SUP.sd,SUP.r1,SUP.kr,SUP.sk,INC.avg,INC.sd,INC.r1,INC.kr,INC.sk
0.2853333333,0.2511954023,-0.3381079122,nan,nan,0.2240000000,0.2537773420,-0.4346748098,nan,nan,0.4906666667,0.2608747477,-0.7365554888,nan,nan
