FV_avg_avg,FV_avg_sd,FV_sd_avg,FV_sd_sd,FV_r1_avg,FV_r1_sd,FV_kr_avg,FV_kr_sd,FV_sk_avg,FV_sk_sd,FD_avg_avg,FD_avg_sd,FD_sd_avg,FD_sd_sd,FD_r1_avg,FD_r1_sd,FD_kr_avg,FD_kr_sd,FD_sk_avg,FD_sk_sd,IN_avg_avg,IN_avg_sd,IN_sd_avg,IN_sd_sd,IN_r1_avg,IN_r1_sd,IN_kr_avg,IN_kr_sd,IN_sk_avg,IN_sk_sd
0.4638137955,0.2982913715,0.0074742354,0.0058194378,0.2138398440,0.4158072072,2.1203581453,0.6207587670,0.0846496442,0.4945211000,-0.0001212111,0.0020916682,0.0069491556,0.0051090878,-0.1289352773,0.3697092825,1.9528454952,0.3792186617,-0.0886401557,0.4344732139,0.4475000000,0.0890575657,0.3593923704,0.0463640389,-0.1817960649,0.4424494896,1.5621820736,0.3741063513,0.1259214413,0.2962666360
