FV_avg_avg,FV_avg_sd,FV_sd_avg,FV_sd_sd,FV_r1_avg,FV_r1_sd,FV_kr_avg,FV_kr_sd,FV_sk_avg,FV_sk_sd,FD_avg_avg,FD_avg_sd,FD_sd_avg,FD_sd_sd,FD_r1_avg,FD_r1_sd,FD_kr_avg,FD_kr_sd,FD_sk_avg,FD_sk_sd,IN_avg_avg,IN_avg_sd,IN_sd_avg,IN_sd_sd,IN_r1_avg,IN_r1_sd,IN_kr_avg,IN_kr_sd,IN_sk_avg,IN_sk_sd
0.4908534708,0.3080391435,0.0097897675,0.0066545707,0.3586894185,0.4479434626,2.5167815844,0.8189652531,0.1008284836,0.6929284967,0.0012055638,0.0018146411,0.0082187136,0.0053680244,-0.2789447170,0.3074264696,2.7048065138,0.9273432279,0.1820075497,0.8174020760,0.5350000000,0.1096585610,0.3568462584,0.0490993674,-0.1782264063,0.3427740422,1.8403466926,0.5515755987,-0.0678603588,0.4682784796
