FV_avg_avg,FV_avg_sd,FV_sd_avg,FV_sd_sd,FV_r1_avg,FV_r1_sd,FV_kr_avg,FV_kr_sd,FV_sk_avg,FV_sk_sd,FD_avg_avg,FD_avg_sd,FD_sd_avg,FD_sd_sd,FD_r1_avg,FD_r1_sd,FD_kr_avg,FD_kr_sd,FD_sk_avg,FD_sk_sd,IN_avg_avg,IN_avg_sd,IN_sd_avg,IN_sd_sd,IN_r1_avg,IN_r1_sd,IN_kr_avg,IN_kr_sd,IN_sk_avg,IN_sk_sd
4266865.0504117496,3739742.5249382746,516087.9275397599,298685.1335847986,0.3451781326,0.2257228046,2.1778240958,0.5011446999,-0.1000257749,0.5724476756,0.3450849988,0.4405663375,0.3423785566,0.5943425679,0.0124056682,0.3042808857,2.5753979762,1.4640504598,0.5135374123,0.8017200442,0.5150000000,0.1168332145,0.3483834715,0.0524781554,-0.1192192503,0.2109218385,1.8403502374,0.5619372799,-0.0153576317,0.4990963646
