INF.avg,INF.sd,INF.r1,INF.kr,INF.sk,SUP.avg,SUP.sd,SUP.r1,SUP.kr,SUP.sk,INC.avg,INC.sd,INC.r1,INC.kr,INC.sk
0.2150000000,0.2364032199,-0.0647538709,nan,nan,0.2675000000,0.2890892392,-0.2081114527,2.7228671768,0.8971276162,0.5175000000,0.2436740636,-0.1970918427,1.8508456273,-0.0819596592
