INF.avg,INF.sd,INF.r1,INF.kr,INF.sk,SUP.avg,SUP.sd,SUP.r1,SUP.kr,SUP.sk,INC.avg,INC.sd,INC.r1,INC.kr,INC.sk
0.2650000000,0.3233232999,-0.2807199541,2.4768990654,0.9226774270,0.2900000000,0.3198937177,-0.1356507793,2.3707217819,0.7855711800,0.4450000000,0.3155413113,-0.2686633453,1.8321515443,0.0326981781
