INF.avg,INF.sd,INF.r1,INF.kr,INF.sk,SUP.avg,SUP.sd,SUP.r1,SUP.kr,SUP.sk,INC.avg,INC.sd,INC.r1,INC.kr,INC.sk,IND.avg,IND.sd,IND.r1,IND.kr,IND.sk
0.2470000000,0.0357910603,-0.1047985316,1.6690323536,-0.0816605208,0.2520000000,0.0414246304,-0.1067809821,2.4142826870,0.0941975310,0.5010000000,0.0413400532,0.0727255968,2.9691900622,-0.1391079830,0.5010000000,0.0413400532,0.0727255968,2.9691900622,-0.1391079830
