FV_avg_avg,FV_avg_sd,FV_sd_avg,FV_sd_sd,FV_r1_avg,FV_r1_sd,FV_kr_avg,FV_kr_sd,FV_sk_avg,FV_sk_sd,FD_avg_avg,FD_avg_sd,FD_sd_avg,FD_sd_sd,FD_r1_avg,FD_r1_sd,FD_kr_avg,FD_kr_sd,FD_sk_avg,FD_sk_sd,IN_avg_avg,IN_avg_sd,IN_sd_avg,IN_sd_sd,IN_r1_avg,IN_r1_sd,IN_kr_avg,IN_kr_sd,IN_sk_avg,IN_sk_sd
0.4770036258,0.3077851014,0.0076344992,0.0065470054,0.1774389503,0.2680775015,2.5664766800,0.8897209523,0.1087580921,0.7200278024,0.0008302996,0.0012691641,0.0074702357,0.0050249276,-0.2367071097,0.3403791353,2.2986214938,0.5215489203,-0.0189474286,0.4596000665,0.5275000000,0.0753740672,0.3637749279,0.0472260714,-0.1811752163,0.3666510225,1.7632211503,0.6462002008,-0.2415081043,0.4665847268
