FV_avg_avg,FV_avg_sd,FV_sd_avg,FV_sd_sd,FV_r1_avg,FV_r1_sd,FV_kr_avg,FV_kr_sd,FV_sk_avg,FV_sk_sd,FD_avg_avg,FD_avg_sd,FD_sd_avg,FD_sd_sd,FD_r1_avg,FD_r1_sd,FD_kr_avg,FD_kr_sd,FD_sk_avg,FD_sk_sd,IN_avg_avg,IN_avg_sd,IN_sd_avg,IN_sd_sd,IN_r1_avg,IN_r1_sd,IN_kr_avg,IN_kr_sd,IN_sk_avg,IN_sk_sd
0.4703068413,0.3028999350,0.0072052773,0.0053746863,0.1514454943,0.3641817821,2.1835424209,1.0530952277,-0.1526747708,0.6533490186,-0.0012811493,0.0022661481,0.0071756357,0.0044063800,-0.1710775700,0.2684421166,2.5485997747,1.0480260311,0.1111771266,0.7759665330,0.4350000000,0.0963068014,0.3794686176,0.0387758724,-0.1517383699,0.3165881876,1.7449208298,0.6679266488,0.2565553284,0.4595236394
