FV_avg_avg,FV_avg_sd,FV_sd_avg,FV_sd_sd,FV_r1_avg,FV_r1_sd,FV_kr_avg,FV_kr_sd,FV_sk_avg,FV_sk_sd,FD_avg_avg,FD_avg_sd,FD_sd_avg,FD_sd_sd,FD_r1_avg,FD_r1_sd,FD_kr_avg,FD_kr_sd,FD_sk_avg,FD_sk_sd,IN_avg_avg,IN_avg_sd,IN_sd_avg,IN_sd_sd,IN_r1_avg,IN_r1_sd,IN_kr_avg,IN_kr_sd,IN_sk_avg,IN_sk_sd
0.4628603673,0.2778972559,0.0151670314,0.0103613548,0.0658173551,0.4316085137,2.5743594009,0.5898955530,0.1038972438,0.7059491691,-0.0018030242,0.0060325090,0.0140078705,0.0099978402,-0.0561645598,0.2868238025,2.6863985484,0.8267101489,-0.1159455833,0.7464784995,0.5000000000,0.1226555135,0.2974722334,0.0380249304,-0.0516602822,0.3856341066,2.3397616251,0.7994754649,-0.0356667790,0.6738768243
