INF.avg,INF.sd,INF.r1,INF.kr,INF.sk,SUP.avg,SUP.sd,SUP.r1,SUP.kr,SUP.sk,INC.avg,INC.sd,INC.r1,INC.kr,INC.sk
0.2498095238,0.2326741624,-0.4214192059,nan,nan,0.2239047619,0.2356197718,-0.3920644899,nan,nan,0.5262857143,0.2091856492,-0.4306906811,nan,nan
