INF.avg,INF.sd,INF.r1,INF.kr,INF.sk,SUP.avg,SUP.sd,SUP.r1,SUP.kr,SUP.sk,INC.avg,INC.sd,INC.r1,INC.kr,INC.sk
0.4526190476,0.1139532615,-0.0812533486,nan,nan,0.1130952381,0.1334013378,-0.3342959718,nan,nan,0.4342857143,0.1648003543,-0.2426308069,nan,nan
