FV_avg_avg,FV_avg_sd,FV_sd_avg,FV_sd_sd,FV_r1_avg,FV_r1_sd,FV_kr_avg,FV_kr_sd,FV_sk_avg,FV_sk_sd,FD_avg_avg,FD_avg_sd,FD_sd_avg,FD_sd_sd,FD_r1_avg,FD_r1_sd,FD_kr_avg,FD_kr_sd,FD_sk_avg,FD_sk_sd,IN_avg_avg,IN_avg_sd,IN_sd_avg,IN_sd_sd,IN_r1_avg,IN_r1_sd,IN_kr_avg,IN_kr_sd,IN_sk_avg,IN_sk_sd
0.4797220345,0.3014382574,0.0080877314,0.0066720760,0.3697114650,0.2556014649,2.1108222530,0.6825090938,0.2758509979,0.3796806935,-0.0014820573,0.0017307717,0.0076007352,0.0062562493,-0.1071249141,0.4126030006,2.1077225045,0.4600465925,-0.0768434293,0.5531536568,0.4625000000,0.1056231509,0.3536681414,0.0660026192,-0.0955266624,0.4728303242,1.8082545689,0.4293242361,0.0652576768,0.4358163700
