FV_avg_avg,FV_avg_sd,FV_sd_avg,FV_sd_sd,FV_r1_avg,FV_r1_sd,FV_kr_avg,FV_kr_sd,FV_sk_avg,FV_sk_sd,FD_avg_avg,FD_avg_sd,FD_sd_avg,FD_sd_sd,FD_r1_avg,FD_r1_sd,FD_kr_avg,FD_kr_sd,FD_sk_avg,FD_sk_sd,IN_avg_avg,IN_avg_sd,IN_sd_avg,IN_sd_sd,IN_r1_avg,IN_r1_sd,IN_kr_avg,IN_kr_sd,IN_sk_avg,IN_sk_sd
3244987.4946492133,2597755.7613089434,949788.5870865288,976399.6777058080,-0.3080754480,0.7553409303,1.3435669782,0.4028427897,0.0509666073,0.2701621293,0.7355414153,0.9750485869,0.8650380219,1.2621005749,-0.4733505184,0.6978940585,2.3065037488,2.3378029052,0.5462328645,0.9668357232,0.4486666667,0.1648716673,0.1457774696,0.0751418865,-0.3861195851,0.6401857938,nan,nan,nan,nan
