INF.avg,INF.sd,INF.r1,INF.kr,INF.sk,SUP.avg,SUP.sd,SUP.r1,SUP.kr,SUP.sk,INC.avg,INC.sd,INC.r1,INC.kr,INC.sk
0.2550000000,0.2769879521,-0.2572118126,2.0398120673,0.6041999844,0.2250000000,0.2742381730,-0.1788388800,2.7144110873,0.8966951191,0.5200000000,0.2856931422,-0.1776376675,1.8741991182,0.2753493259
