INF.avg,INF.sd,INF.r1,INF.kr,INF.sk,SUP.avg,SUP.sd,SUP.r1,SUP.kr,SUP.sk,INC.avg,INC.sd,INC.r1,INC.kr,INC.sk,IND.avg,IND.sd,IND.r1,IND.kr,IND.sk
0.4066666667,0.2600427315,-0.2155338972,1.9096660755,-0.1320510661,0.1800000000,0.2070426687,-0.2019572954,2.7527978058,1.0924788452,0.4133333333,0.1049867717,0.0708202600,2.6537359359,-0.9029875461,0.4133333333,0.1049867717,0.0708202600,2.6537359359,-0.9029875461
