FV_avg_avg,FV_avg_sd,FV_sd_avg,FV_sd_sd,FV_r1_avg,FV_r1_sd,FV_kr_avg,FV_kr_sd,FV_sk_avg,FV_sk_sd,FD_avg_avg,FD_avg_sd,FD_sd_avg,FD_sd_sd,FD_r1_avg,FD_r1_sd,FD_kr_avg,FD_kr_sd,FD_sk_avg,FD_sk_sd,IN_avg_avg,IN_avg_sd,IN_sd_avg,IN_sd_sd,IN_r1_avg,IN_r1_sd,IN_kr_avg,IN_kr_sd,IN_sk_avg,IN_sk_sd
58998259.5344654471,38250636.1553384885,632790.2832846526,444047.4519025429,0.2788877404,0.2701418661,2.6679669477,1.4745980417,0.5568210207,0.7547543436,0.0833509485,0.2213924392,0.0711146885,0.1979848387,-0.0864144487,0.2054971750,2.6402881705,0.9104036926,0.6412300261,0.5219343702,0.4175000000,0.1387668909,0.3516512511,0.0654132829,-0.0347807717,0.4046268189,1.9088121163,0.5279218204,0.3356337717,0.5208264835
