FV_avg_avg,FV_avg_sd,FV_sd_avg,FV_sd_sd,FV_r1_avg,FV_r1_sd,FV_kr_avg,FV_kr_sd,FV_sk_avg,FV_sk_sd,FD_avg_avg,FD_avg_sd,FD_sd_avg,FD_sd_sd,FD_r1_avg,FD_r1_sd,FD_kr_avg,FD_kr_sd,FD_sk_avg,FD_sk_sd,IN_avg_avg,IN_avg_sd,IN_sd_avg,IN_sd_sd,IN_r1_avg,IN_r1_sd,IN_kr_avg,IN_kr_sd,IN_sk_avg,IN_sk_sd
0.5020288128,0.3218413259,0.0106982033,0.0075312808,0.6102496487,0.2915665110,1.8695372256,0.5388515728,-0.1402410607,0.4971446800,-0.0000897176,0.0042683394,0.0066347016,0.0049929016,-0.0155679174,0.3147190730,2.4126575591,0.5650409250,0.0190926103,0.5835862620,0.5650000000,0.1157583690,0.3378974685,0.0648097273,-0.1102564301,0.3372612791,2.0180253436,0.5765387255,-0.3514122217,0.4675503887
