FV_avg_avg,FV_avg_sd,FV_sd_avg,FV_sd_sd,FV_r1_avg,FV_r1_sd,FV_kr_avg,FV_kr_sd,FV_sk_avg,FV_sk_sd,FD_avg_avg,FD_avg_sd,FD_sd_avg,FD_sd_sd,FD_r1_avg,FD_r1_sd,FD_kr_avg,FD_kr_sd,FD_sk_avg,FD_sk_sd,IN_avg_avg,IN_avg_sd,IN_sd_avg,IN_sd_sd,IN_r1_avg,IN_r1_sd,IN_kr_avg,IN_kr_sd,IN_sk_avg,IN_sk_sd
0.1701233580,0.1445875355,0.1109531838,0.0820830490,0.2586191650,0.3775505266,1.9636516275,0.4823726266,-0.0031726898,0.5292329413,-0.0407247130,0.0327371653,0.0904872984,0.0630129850,-0.1500911705,0.3268569348,2.4626924274,0.8066263447,0.3566225002,0.6640668459,0.3750000000,0.0782623792,0.3771061786,0.0451766539,0.0122000604,0.2886846027,1.8915216564,0.9479453957,0.5538522858,0.4638705913
