INF.avg,INF.sd,INF.r1,INF.kr,INF.sk,SUP.avg,SUP.sd,SUP.r1,SUP.kr,SUP.sk,INC.avg,INC.sd,INC.r1,INC.kr,INC.sk
0.2725000000,0.2968735287,-0.2293812199,1.9832168452,0.6202092237,0.2075000000,0.2452037080,-0.1302154313,2.5990002857,0.9255449427,0.5200000000,0.2736881762,-0.0025446625,1.9810634932,-0.0274281839
