INF.avg,INF.sd,INF.r1,INF.kr,INF.sk,SUP.avg,SUP.sd,SUP.r1,SUP.kr,SUP.sk,INC.avg,INC.sd,INC.r1,INC.kr,INC.sk
0.2275000000,0.2884757052,-0.1102717315,2.3172456188,0.8557652762,0.2225000000,0.2809077997,-0.2930133903,2.6880377616,1.0539182073,0.5500000000,0.2792371622,-0.0637959262,2.1914837953,-0.0900495787
