INF.avg,INF.sd,INF.r1,INF.kr,INF.sk,SUP.avg,SUP.sd,SUP.r1,SUP.kr,SUP.sk,INC.avg,INC.sd,INC.r1,INC.kr,INC.sk
0.2984904762,0.1844573364,-0.2722183861,nan,nan,0.0916357143,0.1168388748,-0.2051641429,nan,nan,0.6098738095,0.2053426564,-0.1496617332,nan,nan
