FV_avg_avg,FV_avg_sd,FV_sd_avg,FV_sd_sd,FV_r1_avg,FV_r1_sd,FV_kr_avg,FV_kr_sd,FV_sk_avg,FV_sk_sd,FD_avg_avg,FD_avg_sd,FD_sd_avg,FD_sd_sd,FD_r1_avg,FD_r1_sd,FD_kr_avg,FD_kr_sd,FD_sk_avg,FD_sk_sd,IN_avg_avg,IN_avg_sd,IN_sd_avg,IN_sd_sd,IN_r1_avg,IN_r1_sd,IN_kr_avg,IN_kr_sd,IN_sk_avg,IN_sk_sd
0.3665221573,0.2336768535,0.0381438172,0.0266767412,0.9257824056,0.0102791085,3.1369183206,0.5137455181,1.0906798052,0.2477790018,-0.0028887140,0.0018341381,0.0012257480,0.0008651526,0.8823282574,0.0376759470,2.7801711477,0.3454345919,0.9266418641,0.2148506549,0.1591362286,0.0210517266,0.1462701739,0.0218516494,0.8954929056,0.0602321675,2.6183353992,0.3512785182,0.9265036474,0.1634641943
