INF.avg,INF.sd,INF.r1,INF.kr,INF.sk,SUP.avg,SUP.sd,SUP.r1,SUP.kr,SUP.sk,INC.avg,INC.sd,INC.r1,INC.kr,INC.sk
0.2575000000,0.2742613561,-0.2069931674,3.1293058944,1.0229866509,0.1975000000,0.2609970662,-0.2750516784,3.1199008461,1.1413433278,0.5450000000,0.2824265816,-0.0612088563,2.0332558707,-0.1995173447
