FV_avg_avg,FV_avg_sd,FV_sd_avg,FV_sd_sd,FV_r1_avg,FV_r1_sd,FV_kr_avg,FV_kr_sd,FV_sk_avg,FV_sk_sd,FD_avg_avg,FD_avg_sd,FD_sd_avg,FD_sd_sd,FD_r1_avg,FD_r1_sd,FD_kr_avg,FD_kr_sd,FD_sk_avg,FD_sk_sd,IN_avg_avg,IN_avg_sd,IN_sd_avg,IN_sd_sd,IN_r1_avg,IN_r1_sd,IN_kr_avg,IN_kr_sd,IN_sk_avg,IN_sk_sd
0.4627763579,0.2998613063,0.0083440854,0.0062295189,0.1440116206,0.4280126461,2.4621727925,0.8905487992,0.2844032528,0.5213678746,0.0002804376,0.0028596445,0.0066309659,0.0039360685,-0.2391982265,0.2573320460,2.4354118381,0.7275328527,0.3760450297,0.5953080194,0.4825000000,0.1084262422,0.3731758981,0.0517421402,-0.2307208025,0.3494845138,1.8459674139,0.4926293613,0.1178238245,0.5050183431
