INF.avg,INF.sd,INF.r1,INF.kr,INF.sk,SUP.avg,SUP.sd,SUP.r1,SUP.kr,SUP.sk,INC.avg,INC.sd,INC.r1,INC.kr,INC.sk
0.3300000000,0.1279247945,-0.4047783251,nan,nan,0.1196666667,0.1118157168,-0.3919799692,nan,nan,0.5503333333,0.1475807228,-0.4477806507,nan,nan
