FV_avg_avg,FV_avg_sd,FV_sd_avg,FV_sd_sd,FV_r1_avg,FV_r1_sd,FV_kr_avg,FV_kr_sd,FV_sk_avg,FV_sk_sd,FD_avg_avg,FD_avg_sd,FD_sd_avg,FD_sd_sd,FD_r1_avg,FD_r1_sd,FD_kr_avg,FD_kr_sd,FD_sk_avg,FD_sk_sd,IN_avg_avg,IN_avg_sd,IN_sd_avg,IN_sd_sd,IN_r1_avg,IN_r1_sd,IN_kr_avg,IN_kr_sd,IN_sk_avg,IN_sk_sd
0.4487743270,0.2821671426,0.0109877093,0.0092125041,0.4627103791,0.3646407661,2.3506432435,1.1217773615,0.2748629816,0.6767279722,-0.0011101054,0.0036075582,0.0063111240,0.0042154091,-0.1328985848,0.2292395639,2.1951121037,0.7749626844,-0.0832827465,0.5138785590,0.4850000000,0.1537855650,0.3543972199,0.0593936909,-0.2114918095,0.1957100101,1.8313553484,0.6884618221,0.0329192452,0.5562387835
