FV_avg_avg,FV_avg_sd,FV_sd_avg,FV_sd_sd,FV_r1_avg,FV_r1_sd,FV_kr_avg,FV_kr_sd,FV_sk_avg,FV_sk_sd,FD_avg_avg,FD_avg_sd,FD_sd_avg,FD_sd_sd,FD_r1_avg,FD_r1_sd,FD_kr_avg,FD_kr_sd,FD_sk_avg,FD_sk_sd,IN_avg_avg,IN_avg_sd,IN_sd_avg,IN_sd_sd,IN_r1_avg,IN_r1_sd,IN_kr_avg,IN_kr_sd,IN_sk_avg,IN_sk_sd
0.4699910075,0.3004784614,0.0100103175,0.0073739359,0.4928142084,0.1979457703,1.9600598068,0.5689058898,0.0541110173,0.4700085400,0.0014080453,0.0022985791,0.0063063884,0.0047132345,-0.0804387820,0.2986475677,2.6897164268,0.8266622690,-0.0245830528,0.7201887381,0.5625000000,0.1125000000,0.3344606867,0.0396679849,-0.1225034612,0.2452353770,2.3007627397,0.8584533485,-0.2509497603,0.6870733860
