FV_avg_avg,FV_avg_sd,FV_sd_avg,FV_sd_sd,FV_r1_avg,FV_r1_sd,FV_kr_avg,FV_kr_sd,FV_sk_avg,FV_sk_sd,FD_avg_avg,FD_avg_sd,FD_sd_avg,FD_sd_sd,FD_r1_avg,FD_r1_sd,FD_kr_avg,FD_kr_sd,FD_sk_avg,FD_sk_sd,IN_avg_avg,IN_avg_sd,IN_sd_avg,IN_sd_sd,IN_r1_avg,IN_r1_sd,IN_kr_avg,IN_kr_sd,IN_sk_avg,IN_sk_sd
3563479.8888515928,3101164.1896364153,732299.1865384565,490565.0706069415,0.4930643140,0.3207414878,2.4645131854,1.1721936836,0.0621045330,0.8230189683,0.2471676065,0.1288595031,0.1406428340,0.1147582005,0.0015362394,0.4372627415,2.4802140386,1.1483880603,0.5325001754,0.6359130921,0.4925000000,0.1553423638,0.3327948275,0.0553181960,-0.1322274549,0.2475907552,2.1008263357,0.7720630008,0.1792929936,0.6715356197
