FV_avg_avg,FV_avg_sd,FV_sd_avg,FV_sd_sd,FV_r1_avg,FV_r1_sd,FV_kr_avg,FV_kr_sd,FV_sk_avg,FV_sk_sd,FD_avg_avg,FD_avg_sd,FD_sd_avg,FD_sd_sd,FD_r1_avg,FD_r1_sd,FD_kr_avg,FD_kr_sd,FD_sk_avg,FD_sk_sd,IN_avg_avg,IN_avg_sd,IN_sd_avg,IN_sd_sd,IN_r1_avg,IN_r1_sd,IN_kr_avg,IN_kr_sd,IN_sk_avg,IN_sk_sd
0.1949292581,0.1396769775,0.1405283761,0.0979839196,0.2569664740,0.3805163139,2.0880682373,0.5869736968,0.2378411908,0.4829046737,-0.0238293391,0.0203604721,0.1056859071,0.0664925654,-0.1103275054,0.3319006508,2.3664017346,0.4639034955,0.0391759042,0.3917095645,0.4100000000,0.0969535971,0.3701591170,0.0219596921,-0.0390531074,0.4296118223,1.8811892059,0.6942450328,0.3573105263,0.5009839769
