INF.avg,INF.sd,INF.r1,INF.kr,INF.sk,SUP.avg,SUP.sd,SUP.r1,SUP.kr,SUP.sk,INC.avg,INC.sd,INC.r1,INC.kr,INC.sk
0.3553333333,0.1567271812,-0.4424362794,nan,nan,0.1536666667,0.1752878921,-0.5314430674,nan,nan,0.4910000000,0.1854065130,-0.7629410126,nan,nan
