FV_avg_avg,FV_avg_sd,FV_sd_avg,FV_sd_sd,FV_r1_avg,FV_r1_sd,FV_kr_avg,FV_kr_sd,FV_sk_avg,FV_sk_sd,FD_avg_avg,FD_avg_sd,FD_sd_avg,FD_sd_sd,FD_r1_avg,FD_r1_sd,FD_kr_avg,FD_kr_sd,FD_sk_avg,FD_sk_sd,IN_avg_avg,IN_avg_sd,IN_sd_avg,IN_sd_sd,IN_r1_avg,IN_r1_sd,IN_kr_avg,IN_kr_sd,IN_sk_avg,IN_sk_sd
0.4836139988,0.3081852754,0.0083550607,0.0067733187,0.1121268428,0.3761522118,1.9898147244,0.5882242193,-0.2103660596,0.5283507009,0.0002396977,0.0027029724,0.0068297375,0.0041527956,-0.2029180113,0.2967984392,2.5399847242,0.5659663376,0.5126248285,0.5762182396,0.4875000000,0.0956882960,0.3559570780,0.0705836996,-0.1740234277,0.4112109442,1.7213670797,0.5621955876,0.0710345848,0.4526761702
