FV_avg_avg,FV_avg_sd,FV_sd_avg,FV_sd_sd,FV_r1_avg,FV_r1_sd,FV_kr_avg,FV_kr_sd,FV_sk_avg,FV_sk_sd,FD_avg_avg,FD_avg_sd,FD_sd_avg,FD_sd_sd,FD_r1_avg,FD_r1_sd,FD_kr_avg,FD_kr_sd,FD_sk_avg,FD_sk_sd,IN_avg_avg,IN_avg_sd,IN_sd_avg,IN_sd_sd,IN_r1_avg,IN_r1_sd,IN_kr_avg,IN_kr_sd,IN_sk_avg,IN_sk_sd
0.4731253986,0.3003862472,0.0092046454,0.0081817374,0.1821105059,0.2632366580,2.1435164199,0.4483460816,0.2398719596,0.5241590719,0.0011803251,0.0025816753,0.0067442355,0.0043822872,-0.2840331289,0.3680859996,2.0014659099,0.4889406835,0.0208835249,0.2690667641,0.5250000000,0.0935414347,0.3685114064,0.0618412755,-0.2142196985,0.4137029432,1.7542088840,0.5055339580,-0.1167888773,0.4423870887
