FV_avg_avg,FV_avg_sd,FV_sd_avg,FV_sd_sd,FV_r1_avg,FV_r1_sd,FV_kr_avg,FV_kr_sd,FV_sk_avg,FV_sk_sd,FD_avg_avg,FD_avg_sd,FD_sd_avg,FD_sd_sd,FD_r1_avg,FD_r1_sd,FD_kr_avg,FD_kr_sd,FD_sk_avg,FD_sk_sd,IN_avg_avg,IN_avg_sd,IN_sd_avg,IN_sd_sd,IN_r1_avg,IN_r1_sd,IN_kr_avg,IN_kr_sd,IN_sk_avg,IN_sk_sd
0.4586615595,0.2945433310,0.0113937430,0.0100205842,-0.2874784992,0.6347846796,1.5272914346,0.4980334550,0.0670244510,0.5071227482,-0.0006062443,0.0030956245,0.0095946807,0.0073302147,-0.4720077520,0.5564898128,1.4999457076,0.4827130936,-0.0098314088,0.4283964391,0.4700000000,0.0998777030,0.4026838109,0.0493645576,-0.4382791162,0.5615326312,1.3077833757,0.3075605451,-0.0216353388,0.3992727456
