FV_avg_avg,FV_avg_sd,FV_sd_avg,FV_sd_sd,FV_r1_avg,FV_r1_sd,FV_kr_avg,FV_kr_sd,FV_sk_avg,FV_sk_sd,FD_avg_avg,FD_avg_sd,FD_sd_avg,FD_sd_sd,FD_r1_avg,FD_r1_sd,FD_kr_avg,FD_kr_sd,FD_sk_avg,FD_sk_sd,IN_avg_avg,IN_avg_sd,IN_sd_avg,IN_sd_sd,IN_r1_avg,IN_r1_sd,IN_kr_avg,IN_kr_sd,IN_sk_avg,IN_sk_sd
0.4836335200,0.3117979513,0.0094576779,0.0066864920,0.4792155593,0.3070348033,2.3041120898,0.6804038519,0.0293789610,0.5883780233,0.0014809750,0.0036521244,0.0074964172,0.0044096099,-0.0349385335,0.2246568522,2.2096614055,0.5071615768,0.0670878771,0.4985722579,0.5150000000,0.1230853363,0.3822784943,0.0590605857,-0.0179115504,0.2052501763,1.6550435211,0.4504179090,-0.0355735541,0.4702468693
