INF.avg,INF.sd,INF.r1,INF.kr,INF.sk,SUP.avg,SUP.sd,SUP.r1,SUP.kr,SUP.sk,INC.avg,INC.sd,INC.r1,INC.kr,INC.sk
0.2168571429,0.1707258916,-0.2706603294,nan,nan,0.1288809524,0.1413151682,-0.3922450477,nan,nan,0.6542619048,0.2020185266,-0.2240598750,nan,nan
