FV_avg_avg,FV_avg_sd,FV_sd_avg,FV_sd_sd,FV_r1_avg,FV_r1_sd,FV_kr_avg,FV_kr_sd,FV_sk_avg,FV_sk_sd,FD_avg_avg,FD_avg_sd,FD_sd_avg,FD_sd_sd,FD_r1_avg,FD_r1_sd,FD_kr_avg,FD_kr_sd,FD_sk_avg,FD_sk_sd,IN_avg_avg,IN_avg_sd,IN_sd_avg,IN_sd_sd,IN_r1_avg,IN_r1_sd,IN_kr_avg,IN_kr_sd,IN_sk_avg,IN_sk_sd
0.4578510497,0.2904336341,0.0142359273,0.0103500802,-0.0026947183,0.3973152029,2.6510049573,0.7584165592,-0.3990239387,0.6948572297,0.0001627152,0.0034158188,0.0139670517,0.0103830677,-0.1567285489,0.3023636294,2.4408812359,0.5694492432,-0.0315098119,0.6179628719,0.5073750000,0.0803186039,0.3041348488,0.0575784246,-0.1254927291,0.2779369232,1.9426647461,0.8822373621,-0.1214709305,0.5917882350
