FV_avg_avg,FV_avg_sd,FV_sd_avg,FV_sd_sd,FV_r1_avg,FV_r1_sd,FV_kr_avg,FV_kr_sd,FV_sk_avg,FV_sk_sd,FD_avg_avg,FD_avg_sd,FD_sd_avg,FD_sd_sd,FD_r1_avg,FD_r1_sd,FD_kr_avg,FD_kr_sd,FD_sk_avg,FD_sk_sd,IN_avg_avg,IN_avg_sd,IN_sd_avg,IN_sd_sd,IN_r1_avg,IN_r1_sd,IN_kr_avg,IN_kr_sd,IN_sk_avg,IN_sk_sd
0.4639324565,0.2994409735,0.0032657623,0.0025557609,0.4049811124,0.1814792815,2.2183304346,0.3367470013,-0.0005362080,0.5065378060,0.0000421059,0.0006380083,0.0003098974,0.0002050570,-0.0856237702,0.1762453124,2.3221732619,0.7720759687,0.3507881178,0.4981172984,0.5107000000,0.0447237074,0.0448604468,0.0134848179,0.0362852144,0.1513198564,2.6882101263,0.8592696690,-0.0378345909,0.5779048747
