INF.avg,INF.sd,INF.r1,INF.kr,INF.sk,SUP.avg,SUP.sd,SUP.r1,SUP.kr,SUP.sk,INC.avg,INC.sd,INC.r1,INC.kr,INC.sk
0.2575000000,0.2926613408,-0.1565491072,2.2210276653,0.7688345708,0.2425000000,0.2657541641,-0.0942345495,2.5285281470,0.7388045788,0.5000000000,0.2768027654,-0.0580525891,1.9288731660,-0.0983201795
