INF.avg,INF.sd,INF.r1,INF.kr,INF.sk,SUP.avg,SUP.sd,SUP.r1,SUP.kr,SUP.sk,INC.avg,INC.sd,INC.r1,INC.kr,INC.sk
0.2800000000,0.3034502195,-0.1383081862,2.3844234315,0.7749904896,0.1575000000,0.2206930305,-0.0751286597,nan,nan,0.5625000000,0.3075359939,0.0066165514,1.9453683282,-0.2190058604
